{"training_losses": [0.7105420758724212], "validation_losses": [0.7074712514877319], "validation_accuracy": [0.507], "evidence_accuracy": [0.96]}