{"training_losses": [0.8169187103907267, 0.7212863695224127, 0.6601800241867701], "validation_losses": [0.76194167137146, 0.6870646476745605, 0.6348864436149597], "validation_accuracy": [0.65, 0.693, 0.732], "evidence_accuracy": [0.516, 0.588, 0.596]}