{"training_losses": [0.7473957846562068, 0.5984185664256414, 0.5345309889316558, 0.5107972785234451, 0.4901044713258743, 0.464065598766009, 0.45230399056275683, 0.4392713749408722, 0.4195386125644048, 0.4127650214036306, 0.3857651483615239, 0.38136089849472044], "validation_losses": [0.6539435982704163, 0.6012310981750488, 0.5382614731788635, 0.5944888591766357, 0.5092427134513855, 0.5229374170303345, 0.4531975984573364, 0.5106288194656372, 0.4537043571472168, 0.47998952865600586, 0.42896372079849243, 0.5225839614868164], "validation_accuracy": [0.76, 0.78, 0.822, 0.808, 0.824, 0.843, 0.856, 0.832, 0.856, 0.814, 0.84, 0.863], "evidence_accuracy": [0.5484848484848485, 0.704, 0.668, 0.632, 0.708, 0.676, 0.736, 0.704, 0.744, 0.726, 0.7454545454545455, 0.7]}