{"training_losses": [0.760921049118042, 0.6768975555896759, 0.6327853381633759, 0.5780296981334686, 0.39097356647253034, 0.43524089008569716, 0.25381636917591094, 0.27037553787231444, 0.34241030365228653, 0.24967280477285386, 0.32328344583511354, 0.08432753011584282, 0.03989041820168495, 0.01872597150504589, 0.010368396062403917], "validation_losses": [0.7038246393203735, 0.6726219654083252, 0.6499620676040649, 0.5104455351829529, 0.4731294810771942, 0.4049503803253174, 0.36340612173080444, 0.3134990334510803, 0.2906332314014435, 0.278582364320755, 0.26738598942756653, 0.2493298351764679, 0.27594074606895447, 0.3103278875350952, 0.29424625635147095], "validation_accuracy": [0.516, 0.574, 0.608, 0.783, 0.817, 0.85, 0.875, 0.881, 0.897, 0.906, 0.91, 0.92, 0.93, 0.93, 0.94], "evidence_accuracy": [0.14, 0.798, 0.7363636363636363, 0.316, 0.225, 0.15625, 0.15714285714285714, 0.3333333333333333, 0.2818181818181818, 0.1, 0.0, 0.0, 0.0, 0.0, 0.0]}