{"training_losses": [0.760921049118042, 0.6768975555896759], "validation_losses": [0.7038246393203735, 0.6726219654083252], "validation_accuracy": [0.516, 0.574], "evidence_accuracy": [0.14, 0.798]}