{"training_losses": [0.29988675624877215, 0.21134048888273538, 0.19097374609857798], "validation_losses": [0.2687515914440155, 0.20553472638130188, 0.2082800418138504], "validation_accuracy": [0.892, 0.925, 0.925], "evidence_accuracy": [0.852, 0.95, 0.922]}