{"training_losses": [0.5435458718935648, 0.4731590181191762, 0.4105240251421928, 0.39786578955252966, 0.35795325867335004, 0.3447570563952128, 0.3259652024507523, 0.3124544025460879], "validation_losses": [0.4920711815357208, 0.4670253396034241, 0.41643884778022766, 0.39936012029647827, 0.3474799394607544, 0.3410777151584625, 0.33937740325927734, 0.33581945300102234], "validation_accuracy": [0.755, 0.774, 0.8, 0.818, 0.848, 0.857, 0.858, 0.852], "evidence_accuracy": [0.712, 0.696, 0.774, 0.862, 0.852, 0.832, 0.838, 0.862]}