{"training_losses": [0.5200814839204152, 0.4087976775765419, 0.3941244421203931], "validation_losses": [0.4591045379638672, 0.416162371635437, 0.3780217170715332], "validation_accuracy": [0.777, 0.811, 0.829], "evidence_accuracy": [0.748, 0.762, 0.85]}