{"training_losses": [0.6111303669959307, 0.5089425848126411, 0.47559501661360265, 0.45501459085941315, 0.44417047198116777, 0.4270557532161474, 0.4124563091397285, 0.39863694125413895, 0.39302212113142015, 0.3860805015414953, 0.37929567907005546, 0.37160331137478353, 0.36179330299049617, 0.3640157472863793, 0.3578596098124981, 0.35169917192310096], "validation_losses": [0.5341506004333496, 0.48041442036628723, 0.48891741037368774, 0.5262170433998108, 0.4406149387359619, 0.5241001844406128, 0.5886203050613403, 0.5290816426277161, 0.4796276092529297, 0.4264608323574066, 0.4312266409397125, 0.35569077730178833, 0.4336371123790741, 0.3928122818470001, 0.42631131410598755, 0.341115266084671], "validation_accuracy": [0.816, 0.806, 0.818, 0.826, 0.776, 0.791, 0.844, 0.846, 0.813, 0.808, 0.767, 0.879, 0.854, 0.81, 0.835, 0.835], "evidence_accuracy": [0.7, 0.8083333333333333, 0.7833333333333333, 0.8083333333333333, 0.8083333333333333, 0.775, 0.7416666666666667, 0.7416666666666667, 0.8166666666666667, 0.8333333333333334, 0.8166666666666667, 0.8416666666666667, 0.8, 0.8666666666666667, 0.7833333333333333, 0.85]}