{"training_losses": [10.800798988342285, 7.115806412696839], "validation_losses": [7.930531024932861, 4.913302421569824], "validation_accuracy": []}