{"training_losses": [10.308990001678467, 9.949361801147461, 8.25735878944397, 6.468539237976074, 5.174863815307617, 7.471002292633057, 10.079688835144044, 5.0608525514602665, 4.917260599136353, 4.849038553237915, 5.043854284286499, 4.6577495574951175, 4.603086614608765, 5.006196022033691, 4.650590300559998, 4.756689548492432, 4.920750856399536, 4.822231912612915, 4.820506525039673, 4.793522453308105, 4.638144302368164, 4.4966504096984865, 4.6692708969116214, 4.496257305145264, 4.486840462684631, 4.29548966884613], "validation_losses": [10.272638320922852, 8.733053207397461, 7.607424259185791, 6.014066696166992, 6.0436110496521, 7.225801944732666, 6.148553848266602, 4.988292694091797, 5.508139610290527, 5.531259536743164, 5.526876449584961, 4.828701972961426, 5.284698486328125, 5.799585342407227, 4.479902744293213, 5.392972469329834, 4.360921382904053, 5.3567728996276855, 4.749758720397949, 4.62230110168457, 4.292672634124756, 5.691291332244873, 5.5654425621032715, 5.1765031814575195, 4.3364057540893555, 5.414363861083984], "validation_accuracy": []}