{"training_losses": [5.616296558380127], "validation_losses": [4.828355312347412], "validation_accuracy": []}