{"training_losses": [5.404252445697784, 3.9814937872886658, 3.7859746975898743, 3.7645973834991455, 3.9554431438446045], "validation_losses": [4.867320537567139, 4.28209924697876, 4.368686199188232, 4.346248149871826, 3.8462624549865723], "validation_accuracy": []}