{"training_losses": [5.616296558380127, 3.8887368116378784, 3.6996368880271913, 3.6694794278144838, 3.6726005544662477, 3.673545253753662, 3.582434242248535, 3.4582537159919737, 3.4720273847579954, 3.5005046844482424, 3.4125959787368774, 3.4144108386039735, 3.492608552455902, 3.4051511578559874, 3.39269505739212, 3.3770135655403135, 3.4001017322540283, 3.404614178657532, 3.3309652705192567, 3.2891473083496092, 3.2869921112060547], "validation_losses": [4.828355312347412, 4.461260795593262, 4.6129326820373535, 4.641157627105713, 4.625662803649902, 4.843633651733398, 4.718599319458008, 4.572878837585449, 4.781003952026367, 4.672876834869385, 4.868342876434326, 4.760379314422607, 4.723177433013916, 4.662184715270996, 4.68692684173584, 4.7409210205078125, 4.747235298156738, 4.645514965057373, 4.6311354637146, 4.605252742767334, 4.664068222045898], "validation_accuracy": []}