{"training_losses": [8.474174394831062, 8.486830543167889, 8.546623634546995, 8.602446996606886, 8.396746867336333, 7.361464591696858], "validation_losses": [9.58029556274414, 9.697583198547363, 9.5101318359375, 9.993036270141602, 8.7547607421875, 8.52181625366211], "validation_accuracy": []}