{"training_losses": [5.616296558380127, 3.8887368116378784], "validation_losses": [4.828355312347412, 4.461260795593262], "validation_accuracy": []}