{"training_losses": [8.036064901351928, 4.788911623954773, 4.236167623996734, 4.118240373134613, 4.095911610126495, 4.055821087360382, 4.0658998918533324, 4.028623135089874, 4.006745457649231, 4.021378040313721, 4.062108368873596, 3.9941518235206606, 3.990960578918457, 3.995013496875763, 3.9886318755149843, 3.9667445468902587, 4.015772671699524, 3.9266841340065004, 3.992117145061493, 3.987836928367615, 3.988245506286621, 3.9170713520050047], "validation_losses": [6.384148120880127, 4.775187015533447, 4.755800247192383, 4.712977409362793, 4.4572062492370605, 4.552336692810059, 4.428134441375732, 4.491370677947998, 4.550689220428467, 4.446317672729492, 4.395949840545654, 4.500326633453369, 4.599892616271973, 4.2697834968566895, 4.613584041595459, 4.5113606452941895, 4.5970587730407715, 4.426481246948242, 4.439629077911377, 4.669022560119629, 4.557856559753418, 4.3204665184021], "validation_accuracy": []}