{"training_losses": [0.6370084702968597, 0.5758042216300965, 0.605770492553711, 0.6620089560747147, 0.5353776246309281], "validation_losses": [0.7274623513221741, 0.4339114725589752, 0.6296558976173401, 0.6820301413536072, 0.708540678024292], "validation_accuracy": [0.7291666666666666, 0.71875, 0.71875, 0.5104166666666666, 0.78125], "evidence_accuracy": [0.5833333333333334, 0.9166666666666666, 0.75, 0.6666666666666666, 0.4166666666666667]}