{"training_losses": [0.6950749611854553], "validation_losses": [0.7300741076469421], "roc_auc": [0.5135135135135135]}