{"training_losses": [0.5917788515239955, 0.5027605378180742, 0.4758328442722559, 0.4523161848783493], "validation_losses": [0.5587001442909241, 0.48150673508644104, 0.43401646614074707, 0.56235271692276], "validation_accuracy": [0.735, 0.781, 0.808, 0.808], "evidence_accuracy": [0.7833333333333333, 0.7833333333333333, 0.8, 0.7416666666666667]}