{"training_losses": [0.27646130658686163, 0.2346595784649253, 0.31582030691206453, 0.2957823321223259, 0.3515533411875367, 0.34503735676407815, 0.33628594148904084, 0.39514292143285273, 0.3855321578681469, 0.4766507983207703, 0.30296122245490553, 0.30659565813839434, 0.37161745484918357, 0.3013673543930054, 0.387407454662025, 0.31729457154870033, 0.1426264655776322, 0.2075937893241644, 0.3503671737387776, 0.3833718582987785, 0.4211479913443327, 0.315954377502203], "validation_losses": [0.3158538341522217, 0.3125554323196411, 0.38151559233665466, 0.3230365514755249, 0.34962737560272217, 0.3252953588962555, 0.310410737991333], "validation_accuracy": [0.873, 0.871, 0.865, 0.877, 0.859, 0.868, 0.862], "evidence_accuracy": [0.918, 0.908, 0.854, 0.914, 0.852, 0.882, 0.926]}