{"training_losses": [0.5917788515239955, 0.5027605378180742, 0.4758328442722559, 0.4523161848783493, 0.4331029144525528, 0.4276126850694418, 0.4117740189731121, 0.4009755600243807, 0.3949616343155503, 0.3817614026889205, 0.37754760731756687, 0.37541987548023464, 0.36227903877198697, 0.35790637304633854], "validation_losses": [0.5587001442909241, 0.48150673508644104, 0.43401646614074707, 0.56235271692276, 0.49361976981163025, 0.4683125913143158, 0.4617445170879364, 0.5033166408538818, 0.4340308606624603, 0.3912157714366913, 0.4880397915840149, 0.5170691013336182, 0.4692051410675049, 0.5263832211494446], "validation_accuracy": [0.735, 0.781, 0.808, 0.808, 0.84, 0.838, 0.805, 0.792, 0.808, 0.854, 0.829, 0.833, 0.809, 0.836], "evidence_accuracy": [0.7833333333333333, 0.7833333333333333, 0.8, 0.7416666666666667, 0.8166666666666667, 0.8083333333333333, 0.8583333333333333, 0.7833333333333333, 0.7666666666666667, 0.8333333333333334, 0.775, 0.75, 0.7916666666666666, 0.7666666666666667]}