{"training_losses": [0.6457331094741822], "validation_losses": [0.5989428162574768], "roc_auc": [0.5330188679245282]}