{"training_losses": [0.6156334033012391, 0.5868746896386147, 0.5674813756942749, 0.5605397478342057, 0.5583042648434638, 0.5541462502479553, 0.5408044734597206, 0.5375722271203994, 0.5367504925727844, 0.5294909901022911, 0.5423351573944092], "validation_losses": [0.7018533945083618, 0.6768146753311157, 0.5693086385726929, 0.5484443306922913, 0.6420876979827881, 0.5881892442703247, 0.6739361882209778, 0.5710462927818298, 0.6178160905838013, 0.5781849026679993, 0.494939386844635], "roc_auc": [0.41454545454545455, 0.41454545454545455, 0.5345982142857143, 0.46260869565217394, 0.5082174462705435, 0.5263636363636364, 0.3252710592160133, 0.4274553571428572, 0.2895069532237674, 0.5435267857142857, 0.5879629629629629]}