{"training_losses": [0.5917788515239955, 0.5027605378180742, 0.4758328442722559, 0.4523161848783493, 0.4331029144525528, 0.4276126850694418], "validation_losses": [0.5587001442909241, 0.48150673508644104, 0.43401646614074707, 0.56235271692276, 0.49361976981163025, 0.4683125913143158], "validation_accuracy": [0.735, 0.781, 0.808, 0.808, 0.84, 0.838], "evidence_accuracy": [0.7833333333333333, 0.7833333333333333, 0.8, 0.7416666666666667, 0.8166666666666667, 0.8083333333333333]}