{"training_losses": [0.6111303669959307, 0.5089425848126411, 0.47559501661360265, 0.45501459085941315, 0.44417047198116777, 0.4270557532161474, 0.4124563091397285, 0.39863694125413895, 0.39302212113142015, 0.3860805015414953, 0.37929567907005546, 0.37160331137478353, 0.36179330299049617, 0.3640157472863793, 0.3578596098124981, 0.35169917192310096, 0.334871441654861, 0.34276662119477985, 0.3319988847449422, 0.32332405479997395, 0.321527021586895, 0.31718617275357247, 0.3196324138492346, 0.31715629459917544, 0.3089385924935341, 0.3003497804068029, 0.28686389346420765, 0.28538301718980075, 0.292831695407629, 0.28118699105829, 0.27659765619784593, 0.28137751722335813, 0.2763987240195274, 0.27556673641502855, 0.26738242016732694, 0.2659420719780028, 0.26040843426436183, 0.25305523596704005, 0.2613362245522439, 0.25340740048885346, 0.25093979359418156, 0.25671172184497115, 0.24117374664917587, 0.24306549728661775, 0.2409630594179034, 0.2467315095961094, 0.2370474840067327, 0.23484843095764518, 0.22644199437275528, 0.22264222295582295, 0.22692924344912171, 0.2235091028548777, 0.2174718797467649, 0.2194920704625547, 0.22091374526172877, 0.21152980176359415, 0.20501400785520674, 0.21282989686727524, 0.2060469925403595, 0.21244449926167727, 0.2125745240189135, 0.20267949935793877], "validation_losses": [0.5341506004333496, 0.48041442036628723, 0.48891741037368774, 0.5262170433998108, 0.4406149387359619, 0.5241001844406128, 0.5886203050613403, 0.5290816426277161, 0.4796276092529297, 0.4264608323574066, 0.4312266409397125, 0.35569077730178833, 0.4336371123790741, 0.3928122818470001, 0.42631131410598755, 0.341115266084671, 0.5115576982498169, 0.4253496825695038, 0.4671493172645569, 0.4144912362098694, 0.467301607131958, 0.656743586063385, 0.4756486117839813, 0.3971846103668213, 0.4654722809791565, 0.5571739673614502, 0.48828738927841187, 0.5021532773971558, 0.5555557012557983, 0.35711386799812317, 0.3732847273349762, 0.5201606154441833, 0.3907299041748047, 0.3895080089569092, 0.4129893183708191, 0.5647152066230774, 0.48758193850517273, 0.5390874743461609, 0.5213233828544617, 0.4347694516181946, 0.5537655353546143, 0.49062830209732056, 0.5372902154922485, 0.4886381924152374, 0.4751931428909302, 0.6491808295249939, 0.5467276573181152, 0.430014044046402, 0.4766073524951935, 0.4703242778778076, 0.5472433567047119, 0.6017448902130127, 0.6531609892845154, 0.5054923295974731, 0.5848418474197388, 0.6666293740272522, 0.396310955286026, 0.4971645474433899, 0.641046404838562, 0.40826544165611267, 0.5896797776222229, 0.5753720998764038], "validation_accuracy": [0.816, 0.806, 0.818, 0.826, 0.776, 0.791, 0.844, 0.846, 0.813, 0.808, 0.767, 0.879, 0.854, 0.81, 0.835, 0.835, 0.837, 0.875, 0.884, 0.852, 0.848, 0.836, 0.882, 0.831, 0.877, 0.821, 0.864, 0.867, 0.882, 0.877, 0.875, 0.853, 0.872, 0.863, 0.883, 0.847, 0.862, 0.876, 0.835, 0.856, 0.836, 0.89, 0.853, 0.861, 0.83, 0.848, 0.874, 0.908, 0.89, 0.87, 0.875, 0.86, 0.859, 0.882, 0.85, 0.848, 0.896, 0.893, 0.874, 0.892, 0.911, 0.873], "evidence_accuracy": [0.7, 0.8083333333333333, 0.7833333333333333, 0.8083333333333333, 0.8083333333333333, 0.775, 0.7416666666666667, 0.7416666666666667, 0.8166666666666667, 0.8333333333333334, 0.8166666666666667, 0.8416666666666667, 0.8, 0.8666666666666667, 0.7833333333333333, 0.85, 0.7833333333333333, 0.8416666666666667, 0.7833333333333333, 0.825, 0.8, 0.725, 0.8166666666666667, 0.8416666666666667, 0.7666666666666667, 0.7916666666666666, 0.8166666666666667, 0.7833333333333333, 0.775, 0.8583333333333333, 0.8666666666666667, 0.7916666666666666, 0.8166666666666667, 0.875, 0.825, 0.7666666666666667, 0.825, 0.8, 0.8166666666666667, 0.8416666666666667, 0.825, 0.7666666666666667, 0.75, 0.8166666666666667, 0.8333333333333334, 0.7166666666666667, 0.7666666666666667, 0.825, 0.8, 0.85, 0.8083333333333333, 0.725, 0.7333333333333333, 0.775, 0.7666666666666667, 0.7416666666666667, 0.8416666666666667, 0.8083333333333333, 0.7666666666666667, 0.8583333333333333, 0.7833333333333333, 0.8]}