{"training_losses": [0.6457331094741822, 0.6119938441514969], "validation_losses": [0.5989428162574768, 0.7481103539466858], "roc_auc": [0.5330188679245282, 0.43518518518518523]}