{"training_losses": [0.6950749611854553, 0.7057761883735657], "validation_losses": [0.7300741076469421, 0.6003547310829163], "roc_auc": [0.5135135135135135, 0.48925410872313524]}