{"training_losses": [0.22849296962124993], "validation_losses": [0.22050507366657257], "validation_accuracy": [0.926], "evidence_accuracy": [0.934]}