{"training_losses": [0.22849296962124993, 0.15167578260207623, 0.12181679584092672], "validation_losses": [0.22050507366657257, 0.2249605506658554, 0.22489438951015472], "validation_accuracy": [0.926, 0.916, 0.929], "evidence_accuracy": [0.934, 0.932, 0.936]}