{"training_losses": [0.400337197044614, 0.3310071349360017], "validation_losses": [0.35184845328330994, 0.31979629397392273], "validation_accuracy": [0.843, 0.873], "evidence_accuracy": [0.84, 0.884]}