{"training_losses": [0.400337197044614, 0.3310071349360017, 0.29574698176698644], "validation_losses": [0.35184845328330994, 0.31979629397392273, 0.3187519311904907], "validation_accuracy": [0.843, 0.873, 0.873], "evidence_accuracy": [0.84, 0.884, 0.846]}